name,feature_count,threshold,test_accuracy,test_auc,test_brier,test_away_recall,test_home_recall,rolling_accuracy,rolling_auc,rolling_away_recall,rolling_home_recall
notebook_xgb_baseline,114,0.4600000000000001,0.6689419795221843,0.7374202322418663,0.20443594514551147,0.589873417721519,0.7334710743801653,0.6569926975094953,0.7336724775817961,0.6244334756868838,0.6814227172840818
baseline_plus_local_lineup_features,114,0.4600000000000001,0.6689419795221843,0.7374202322418663,0.20443594514551147,0.589873417721519,0.7334710743801653,0.6569926975094953,0.7336724775817961,0.6244334756868838,0.6814227172840818
baseline_plus_external_injury_features,114,0.4600000000000001,0.6689419795221843,0.7374202322418663,0.20443594514551147,0.589873417721519,0.7334710743801653,0.6569926975094953,0.7336724775817961,0.6244334756868838,0.6814227172840818
baseline_plus_external_lineup_features,114,0.4600000000000001,0.6689419795221843,0.7374202322418663,0.20443594514551147,0.589873417721519,0.7334710743801653,0.6569926975094953,0.7336724775817961,0.6244334756868838,0.6814227172840818
baseline_plus_opening_lines,114,0.4600000000000001,0.6689419795221843,0.7374202322418663,0.20443594514551147,0.589873417721519,0.7334710743801653,0.6569926975094953,0.7336724775817961,0.6244334756868838,0.6814227172840818
baseline_plus_market_coverage_fix,116,0.5500000000000002,0.6496018202502845,0.7354587299926768,0.20456047532753033,0.6531645569620254,0.6466942148760331,0.6629981254076834,0.7329990789368876,0.6042078152914184,0.7096404763287364
baseline_plus_market_and_injuries,116,0.5500000000000002,0.6496018202502845,0.7354587299926768,0.20456047532753033,0.6531645569620254,0.6466942148760331,0.6629981254076834,0.7329990789368876,0.6042078152914184,0.7096404763287364
baseline_plus_market_injuries_and_lineups,116,0.5500000000000002,0.6496018202502845,0.7354587299926768,0.20456047532753033,0.6531645569620254,0.6466942148760331,0.6629981254076834,0.7329990789368876,0.6042078152914184,0.7096404763287364
