name,test_gain_vs_baseline,rolling_gain_vs_baseline,recall_gap,baseline_recall_gap,promotion_decision
baseline_plus_market_coverage_fix,0.0,0.0,0.16198870174704472,0.16198870174704472,hold
baseline_plus_star_impact_refined,-0.0068259385665528916,-0.002794295880187203,0.13579872371586987,0.16198870174704472,hold
baseline_plus_local_lineup_features,-0.0034129692832763903,0.011369112729979203,0.13280154827910862,0.16198870174704472,hold
baseline_plus_external_injury_features,0.0,0.0,0.16198870174704472,0.16198870174704472,hold
baseline_plus_external_lineup_features,0.0,0.0,0.16198870174704472,0.16198870174704472,hold
baseline_plus_market_and_injuries,-0.0034129692832763903,0.011369112729979203,0.13280154827910862,0.16198870174704472,hold
baseline_plus_market_injuries_and_lineups,-0.0034129692832763903,0.011369112729979203,0.13280154827910862,0.16198870174704472,hold
baseline_plus_opening_lines,0.0,0.0,0.16198870174704472,0.16198870174704472,hold
