name,test_gain_vs_baseline,rolling_gain_vs_baseline,recall_gap,baseline_recall_gap,promotion_decision
baseline_plus_market_coverage_fix,0.0011376564277588708,0.0012730853485869442,0.12820378700700918,0.1169421487603306,hold
baseline_plus_local_lineup_features,-0.010238907849829282,-0.00048134727080972883,0.006391881996024695,0.1169421487603306,hold
baseline_plus_external_injury_features,-0.011376564277588153,0.0002372090847938546,0.004325766293545308,0.1169421487603306,hold
baseline_plus_external_lineup_features,0.0034129692832765013,0.0070666122019578115,0.16452034731666498,0.1169421487603306,promote
baseline_plus_market_and_injuries,-0.0068259385665528916,0.012469829999060322,0.005800815984935648,0.1169421487603306,hold
baseline_plus_market_injuries_and_lineups,0.004550625711035261,0.0029581490940120414,0.13899989538654667,0.1169421487603306,promote
baseline_plus_opening_lines,0.0,0.0,0.1169421487603306,0.1169421487603306,hold
